<?xml version="1.0" encoding="UTF-8"?>
<project-private xmlns="http://www.netbeans.org/ns/project-private/1">
    <editor-bookmarks xmlns="http://www.netbeans.org/ns/editor-bookmarks/2" lastBookmarkId="0"/>
    <open-files xmlns="http://www.netbeans.org/ns/projectui-open-files/2">
        <group>
            <file>file:/C:/Users/KIET/Downloads/ASS_FINAL/web/home.jsp</file>
            <file>file:/C:/Users/KIET/Downloads/ASS_FINAL/src/java/ControllerProduct/HomeServlet.java</file>
            <file>file:/C:/Users/KIET/Downloads/ASS_FINAL/web/product/ProductList.jsp</file>
            <file>file:/C:/Users/KIET/Downloads/ASS_FINAL/src/java/ControllerProduct/ProductServlet.java</file>
            <file>file:/C:/Users/KIET/Downloads/ASS_FINAL/src/java/ProductDao/ProductDao.java</file>
        </group>
    </open-files>
</project-private>
